[
    {"ism": "Abdulaziz", "manosi": "Azizning quli, Allohning buyuk bandasi"},
    {"ism": "Azamat", "manosi": "Buyuklik, ulug'vorlik"},
    {"ism": "Bahrom", "manosi": "Jangchi, botir"},
    {"ism": "Dilshod", "manosi": "Ko'ngli xursand, xursand bo'lgan"},
    {"ism": "Erkin", "manosi": "Ozod, erkin"},
    {"ism": "Farhod", "manosi": "Sevgi yo'lida fidoyi, botir"},
    {"ism": "Gulbahor", "manosi": "Bahorning guli"},
    {"ism": "Hasan", "manosi": "Chiroyli, husnli"},
    {"ism": "Ibrohim", "manosi": "Payg'ambarlik ismi, ulug' zot"},
    {"ism": "Jamshid", "manosi": "Quyoshdek porlayotgan"},
    {"ism": "Kamoliddin", "manosi": "Dinning mukammalligi"},
    {"ism": "Laziz", "manosi": "Shirin, yoqimli"},
    {"ism": "Mahmud", "manosi": "Maqtovga sazovor, maqtalgan"},
    {"ism": "Nodir", "manosi": "Kam uchraydigan, noyob"},
    {"ism": "Odil", "manosi": "Adolatli, to'g'riso'z"},
    {"ism": "Rustam", "manosi": "Kuchli, botir"},
    {"ism": "Sherzod", "manosi": "Sherning o'g'li"},
    {"ism": "Tohir", "manosi": "Pok, sof"},
    {"ism": "Ulug'bek", "manosi": "Ulug' hukmdor, bek"},
    {"ism": "Vohid", "manosi": "Yagona, bitta"},
    {"ism": "Xurshid", "manosi": "Quyosh"},
    {"ism": "Yusuf", "manosi": "Payg'ambar ismi, go'zal yigit"},
    {"ism": "Zohid", "manosi": "Zuhdli, dindor"},
    {"ism": "Anvar", "manosi": "Nurlarga to'la"},
    {"ism": "Behzod", "manosi": "Yaxshi tug'ilgan"},
    {"ism": "Gulnora", "manosi": "Gul va nar  olovning guli"},
    {"ism": "Jasur", "manosi": "Jasoratli, botir"},
    {"ism": "Karim", "manosi": "Saxiy, mehribon"},
    {"ism": "Lola", "manosi": "Lola guli"},
    {"ism": "Madinabonu", "manosi": "Madina shahri xonimi"},
    {"ism": "Nasiba", "manosi": "Taqdir, nasiba"},
    {"ism": "Otabek", "manosi": "Otaning bekasi, yetakchisi"},
    {"ism": "Pahlavon", "manosi": "Kuchli, qudratli jangchi"},
    {"ism": "Qobil", "manosi": "Ustasi, qobiliyatli"},
    {"ism": "Rahmatilla", "manosi": "Allohning rahmati"},
    {"ism": "Saodat", "manosi": "Baxt, saodat"},
    {"ism": "Timur", "manosi": "Temir, qudratli"},
    {"ism": "Ulfat", "manosi": "Do'stlik, yaqinlik"},
    {"ism": "Vohid", "manosi": "Yagona, bitta"},
    {"ism": "Zamira", "manosi": "Ichki niyat, sir"},
    {"ism": "Abror", "manosi": "Ezgu ishlar qiluvchi"},
    {"ism": "Bunyod", "manosi": "Quruvchi, bunyodkor"},
    {"ism": "Dilafruz", "manosi": "Ko'ngilni quvontiruvchi"},
    {"ism": "Elbek", "manosi": "Elning beki, rahbari"},
    {"ism": "Fazliddin", "manosi": "Dinning fazilati"},
    {"ism": "Gulsara", "manosi": "Gullar sarasi"},
    {"ism": "Hamid", "manosi": "Maqtovga sazovor"},
    {"ism": "Iroda", "manosi": "Qasd, iroda, kuchli istak"},
    {"ism": "Jahongir", "manosi": "Jahonni zabt etgan"},
    {"ism": "Komron", "manosi": "Yutuqli, baxtiyor"},
    {"ism": "Lobar", "manosi": "Chiroyli, husnli"},
    {"ism": "Murod", "manosi": "Orzu, tilak"},
    {"ism": "Nigora", "manosi": "Sevgilim, go'zal"},
    {"ism": "Oydin", "manosi": "Oydek yorqin"},
    {"ism": "Parviz", "manosi": "Omadli, baxtli"},
    {"ism": "Ravshan", "manosi": "Ochiq, yorug', tushunarli"},
    {"ism": "Sarvar", "manosi": "Rahbar, yetakchi"},
    {"ism": "Turg'un", "manosi": "Barqaror, mustahkam"},
    {"ism": "Umar", "manosi": "Umr, hayot"},
    {"ism": "Vafa", "manosi": "Sadoqat, vafo"},
    {"ism": "Yorqin", "manosi": "Yorug', ravshan"},
    {"ism": "Zafar", "manosi": "G'alaba, yutuq"},
    {"ism": "Aziza", "manosi": "Hurmatli, aziz"},
    {"ism": "Barchinoy", "manosi": "Go'zal, maftunkor"},
    {"ism": "Dilnoza", "manosi": "Ko'ngilni zabt etuvchi"},
    {"ism": "Erkli", "manosi": "Ozod, erkin bo'lgan"},
    {"ism": "Fotima", "manosi": "Payg'ambar (s.a.v) qizining ismi"},
    {"ism": "Gulnoza", "manosi": "Ko'ngildagi guldek nozik"},
    {"ism": "Humoyun", "manosi": "Muqaddas, oliyjanob"},
    {"ism": "Ixtiyor", "manosi": "Erkinlik, tanlov"},
    {"ism": "Javohir", "manosi": "Dur, qimmatbaho tosh"},
    {"ism": "Karomat", "manosi": "Mo'jiza, e'zoz"},
    {"ism": "Lobar", "manosi": "Ko'rkam, chiroyli"},
    {"ism": "Madinabonu", "manosi": "Madina shahridan bo'lgan ayol"},
    {"ism": "Nasiba", "manosi": "Taqdir, omad"},
    {"ism": "Otabek", "manosi": "Otaning yo'lboshchisi"},
    {"ism": "Pari", "manosi": "Go'zal, jannat farishtasi"},
    {"ism": "Rano", "manosi": "Chiroyli, husnli"},
    {"ism": "Shirin", "manosi": "Yoqimli, shirin so'zli"},
    {"ism": "Tomiris", "manosi": "Qadimiy qirolicha, jasoratli"},
    {"ism": "Umida", "manosi": "Umidvor, ishonchli"},
    {"ism": "Vasila", "manosi": "Orzu, tilak"},
    {"ism": "Yulduz", "manosi": "Osmon yulduzi, yorqin"},
    {"ism": "Zebiniso", "manosi": "Go'zal va chiroyli ayol"},
    {"ism": "Asal", "manosi": "Shirin, yoqimli"},
    {"ism": "Baxmal", "manosi": "Nozik, yumshoq"},
    {"ism": "Gulruh", "manosi": "Yuzida guldek shirin tabassum"},
    {"ism": "Hilola", "manosi": "Yosh oy, hilol"}
]
  